{
  "urls": [
    "sounds.mp3",
    "sounds.wav"
  ],
  "sprite": {
    "_mac_fix": [
      0,
      2992.0861678004535
    ],
    "ambienceGeneral": [
      3100,
      106077.3469387755
    ],
    "bid": [
      110199.99999999999,
      343.4013605442203
    ],
    "btn_any": [
      111300,
      175.03401360544046
    ],
    "btn_over": [
      112399.99999999999,
      156.8934240362836
    ],
    "cash": [
      113500,
      700.0000000000028
    ],
    "cashout": [
      114600.00000000001,
      732.2675736961486
    ],
    "cashout_big": [
      115700.00000000001,
      1677.7324263038481
    ],
    "finish": [
      117800.00000000001,
      1843.1065759637163
    ],
    "flight": [
      119900,
      14000
    ],
    "jump": [
      134000,
      975.351473922899
    ],
    "pointing_button": [
      135100,
      156.89342403626938
    ],
    "run": [
      136200,
      2498.321995464863
    ],
    "start": [
      139300,
      1366.4399092970427
    ],
    "t_btn_any": [
      141400,
      889.4784580498936
    ],
    "t_win": [
      142500,
      12777.346938775509
    ],
    "t_win_END": [
      155600,
      4932.426303854868
    ],
    "take-take": [
      160700,
      8000
    ],
    "win2balance": [
      168799.99999999997,
      2125.011337868472
    ]
  }
}